<?xml version="1.0" encoding="UTF-8"?>
<project-private xmlns="http://www.netbeans.org/ns/project-private/1">
    <editor-bookmarks xmlns="http://www.netbeans.org/ns/editor-bookmarks/2" lastBookmarkId="0"/>
    <open-files xmlns="http://www.netbeans.org/ns/projectui-open-files/2">
        <group>
            <file>file:/C:/java2andibcs/IBCS_Java_II/YatzheePrototype/src/dicetester/GameModel.java</file>
            <file>file:/C:/java2andibcs/IBCS_Java_II/YatzheePrototype/src/dicetester/Dice.java</file>
            <file>file:/C:/java2andibcs/IBCS_Java_II/YatzheePrototype/src/dicetester/YatzheeJFrame.java</file>
            <file>file:/C:/java2andibcs/IBCS_Java_II/YatzheePrototype/src/dicetester/DiceTester.java</file>
            <file>file:/C:/java2andibcs/IBCS_Java_II/YatzheePrototype/src/dicetester/Die.java</file>
        </group>
    </open-files>
</project-private>
